{"ENR.DE": 165.35000610351562, "GOOGL": 315.0, "AMZN": 210.17999267578125, "NVDA": 189.8300018310547, "GOOG": 314.79998779296875, "AVGO": 332.75, "V": 321.1099853515625, "TSLA": 411.7099914550781, "BRK-B": 498.3299865722656, "MSFT": 397.1096, "NOVN.SW": 126.22000122070312, "META": 655.55, "NESN.SW": 80.29000091552734, "AIR.DE": 189.7, "MBG.DE": 59.16999816894531, "BMW.DE": 90.5199966430664, "AAPL": 264.5899963378906, "DTE.DE": 32.72, "JPM": 310.8699951171875, "SAP.DE": 173.17999267578125, "ASML.AS": 1253.0, "LLY": 1010.28, "ROG.SW": 366.3999938964844, "BAS.DE": 48.939998626708984, "SAN.PA": 79.37999725341797, "MC.PA": 554.7, "OR.PA": 399.95001220703125, "ALV.DE": 379.2, "TTE.PA": 65.51000213623047, "SIE.DE": 245.15, "IFX.DE": 45.2, "AMD": 200.1199951171875, "AMAT": 375.3500061035156, "ADI": 354.9200134277344, "ADBE": 258.6000061035156, "BKNG": 4077.719970703125, "ADSK": 226.8699951171875, "CHTR": 230.08999633789062, "AMGN": 374.75, "ADP": 214.42999267578125, "CDNS": 296.1499938964844, "AXP": 346.1700134277344, "CSCO": 79.2300033569336, "BA": 232.02999877929688, "CTAS": 200.0500030517578, "DDOG": 115.66999816894531, "COST": 984.97998046875, "CRM": 185.2100067138672, "DASH": 176.30499267578125, "CSX": 42.310001373291016, "DXCM": 73.07099914550781, "EA": 200.55999755859375, "ENPH": 46.58000183105469, "EBAY": 88.06999969482422, "EXC": 47.77000045776367, "FAST": 46.220001220703125, "FTNT": 79.98999786376953, "GILD": 151.4199981689453, "GE": 343.2099914550781, "HON": 243.9499969482422, "ILMN": 117.70999908447266, "INTU": 380.45001220703125, "INTC": 44.119998931884766, "ISRG": 503.8399963378906, "JD": 27.415000915527344, "KDP": 29.53499984741211, "KLAC": 1496.550048828125, "KHC": 24.389999389648438, "LCID": 9.574999809265137, "LRCX": 244.88999938964844, "LULU": 187.36000061035156, "MAR": 347.82000732421875, "IDXX": 635.489990234375, "MCHP": 77.7300033569336, "MDLZ": 58.790000915527344, "MELI": 1997.9200439453125, "MRNA": 49.880001068115234, "MNST": 83.76000213623047, "MU": 428.07000732421875, "NXPI": 232.27999877929688, "NFLX": 78.68000030517578, "ORLY": 93.5199966430664, "PANW": 148.72000122070312, "PYPL": 41.64500045776367, "PDD": 104.93000030517578, "PAYX": 91.2300033569336, "PEP": 164.94000244140625, "QCOM": 142.8800048828125, "ROST": 201.35000610351562, "REGN": 779.719970703125, "SBUX": 97.4800033569336, "TEAM": 75.98989868164062, "SNPS": 440.0, "SIRI": 21.065000534057617, "TMUS": 215.4600067138672, "TXN": 219.75999450683594, "VRSK": 182.50999450683594, "VRTX": 476.8299865722656, "WDAY": 137.72999572753906, "ZM": 90.30999755859375, "ZS": 159.75, "XEL": 81.56999969482422}