{"ENR.DE": 165.35000610351562, "GOOGL": 315.0, "AMZN": 210.17999267578125, "NVDA": 189.8300018310547, "GOOG": 314.79998779296875, "AVGO": 332.75, "V": 321.1099853515625, "TSLA": 411.7099914550781, "BRK-B": 498.3299865722656, "MSFT": 397.1096, "NOVN.SW": 126.22000122070312, "META": 655.55, "NESN.SW": 80.29000091552734, "AIR.DE": 189.7, "MBG.DE": 59.16999816894531, "BMW.DE": 90.5199966430664, "AAPL": 264.5899963378906, "DTE.DE": 32.72, "JPM": 310.8699951171875, "SAP.DE": 173.17999267578125, "ASML.AS": 1253.0, "LLY": 1010.28, "ROG.SW": 366.3999938964844, "BAS.DE": 48.939998626708984, "SAN.PA": 79.37999725341797, "MC.PA": 554.7, "OR.PA": 399.95001220703125, "ALV.DE": 379.2, "TTE.PA": 65.51000213623047, "SIE.DE": 245.15, "IFX.DE": 45.2, "AMD": 200.1199951171875, "AMAT": 375.3500061035156, "ADI": 354.9200134277344, "ADBE": 258.6000061035156, "BKNG": 4077.719970703125, "ADSK": 226.8699951171875, "CHTR": 230.08999633789062, "AMGN": 374.75, "ADP": 214.42999267578125, "CDNS": 296.1499938964844, "AXP": 346.1700134277344, "CSCO": 79.2300033569336, "BA": 232.02999877929688, "CTAS": 200.0500030517578, "DDOG": 115.66999816894531, "COST": 984.97998046875, "CRM": 185.2100067138672, "DASH": 176.30499267578125, "CSX": 42.310001373291016, "DXCM": 73.07099914550781, "EA": 200.55999755859375, "ENPH": 46.58000183105469, "EBAY": 88.06999969482422, "EXC": 47.77000045776367, "FAST": 46.220001220703125, "FTNT": 79.98999786376953, "GILD": 151.4199981689453, "GE": 343.2099914550781, "HON": 243.9499969482422, "ILMN": 117.70999908447266, "INTU": 380.45001220703125, "INTC": 44.119998931884766, "ISRG": 503.8399963378906, "JD": 27.415000915527344, "KDP": 29.53499984741211, "KLAC": 1496.550048828125, "KHC": 24.389999389648438, "LCID": 9.574999809265137, "LRCX": 244.88999938964844, "LULU": 187.36000061035156, "MAR": 347.82000732421875, "IDXX": 635.489990234375, "MCHP": 77.7300033569336, "MDLZ": 58.790000915527344, "MELI": 1997.9200439453125, "MRNA": 49.880001068115234, "MNST": 83.76000213623047, "MU": 428.07000732421875, "NXPI": 232.27999877929688, "NFLX": 78.68000030517578, "ORLY": 93.5199966430664, "PANW": 148.72000122070312, "PYPL": 41.64500045776367, "PDD": 104.93000030517578, "PAYX": 91.2300033569336, "PEP": 164.94000244140625, "QCOM": 142.8800048828125, "ROST": 201.35000610351562, "REGN": 779.719970703125, "SBUX": 97.4800033569336, "TEAM": 75.98989868164062, "SNPS": 440.0, "SIRI": 21.065000534057617, "TMUS": 215.4600067138672, "TXN": 219.75999450683594, "VRSK": 182.50999450683594, "VRTX": 476.8299865722656, "WDAY": 137.72999572753906, "ZM": 90.30999755859375, "ZS": 159.75, "XEL": 81.56999969482422, "ABBV": 224.86000061035156, "MA": 526.1500244140625, "UNH": 290.0899963378906, "HD": 382.2799987792969, "BAC": 53.08000183105469, "TMO": 511.17999267578125, "ORCL": 148.10000610351562, "LIN": 496.510009765625, "ACN": 215.49000549316406, "XOM": 147.3000030517578, "PG": 160.7899932861328, "CVX": 183.9250030517578, "GS": 921.989990234375, "WMT": 123.00499725341797, "MCD": 329.30999755859375, "VZ": 49.27000045776367, "MS": 175.4199981689453, "JNJ": 242.50999450683594, "KO": 79.83999633789062, "NOW": 104.29000091552734, "CAT": 759.7000122070312, "PFE": 26.674999237060547, "DIS": 105.5999984741211, "PLTR": 135.25, "SPGI": 417.6600036621094, "IBM": 257.2699890136719, "LOW": 280.3599853515625, "UBER": 73.87000274658203, "SNOW": 172.5800018310547, "CRWD": 388.6600036621094, "SHOP": 126.31999969482422, "MDB": 344.32000732421875, "NET": 177.19000244140625, "OKTA": 74.29000091552734, "AZN": 204.42999267578125, "ASML": 1470.6199951171875, "NVO": 47.41999816894531, "RHM.DE": 1747.5, "RMS.PA": 2115.0, "BABA": 154.52000427246094, "TCEHY": 68.0199966430664, "UBSG.SW": 32.95000076293945, "TM": 239.52000427246094, "HMC": 30.274999618530273, "SONY": 21.920000076293945, "7203.T": 3629.0, "6758.T": 3332.0, "9984.T": 4305.0, "0700.HK": 522.0, "3690.HK": 80.75, "9432.T": 151.1999969482422, "ADEN.SW": 21.579999923706055, "LONN.SW": 537.2000122070312, "SIKA.SW": 158.75, "CFR.SW": 162.75, "GIVN.SW": 3024.0, "KER.PA": 278.1000061035156, "CDI.PA": 526.5, "EL.PA": 238.3000030517578, "BNP.PA": 94.61000061035156, "SGO.PA": 90.04000091552734, "DG.PA": 139.8000030517578, "SU.PA": 261.25, "VIV.PA": 2.2139999866485596, "ENI.MI": 18.562000274658203, "ISP.MI": 5.861999988555908, "UCG.MI": 73.76000213623047, "RACE.MI": 310.0, "ENEL.MI": 9.072999954223633, "PRX.AS": 44.025001525878906, "INGA.AS": 25.165000915527344, "AD.AS": 39.95000076293945, "HEIA.AS": 77.33999633789062, "BBVA.MC": 19.81999969482422, "SAN.MC": 10.727999687194824, "ITX.MC": 57.619998931884766, "TEF.MC": 3.559999942779541, "IBE.MC": 19.709999084472656, "ADS.DE": 158.6999969482422, "BEI.DE": 106.6500015258789, "BNR.DE": 54.119998931884766, "CBK.DE": 34.5099983215332, "CON.DE": 73.22000122070312, "DB1.DE": 218.10000610351562, "DBK.DE": 30.96500015258789, "DWNI.DE": 23.200000762939453, "FME.DE": 41.150001525878906, "EOAN.DE": 18.6299991607666, "FRE.DE": 52.119998931884766, "G1A.DE": 65.30000305175781, "HNR1.DE": 251.10000610351562, "HEI.DE": 205.39999389648438, "HEN3.DE": 82.76000213623047, "HLAG.DE": 125.19999694824219, "KGX.DE": 65.94999694824219, "LEG.DE": 68.69999694824219, "MTX.DE": 402.29998779296875, "MUV2.DE": 541.2000122070312, "PAH3.DE": 36.70000076293945, "PUM.DE": 23.06999969482422, "QIA.DE": 41.09000015258789, "RWE.DE": 52.060001373291016, "SHL.DE": 42.2599983215332, "SRT3.DE": 239.0, "SY1.DE": 75.5, "TKA.DE": 11.305000305175781, "VNA.DE": 27.459999084472656, "VOW3.DE": 102.6500015258789, "ZAL.DE": 20.770000457763672, "BOSS.DE": 37.25, "FRA.DE": 82.8499984741211, "LHA.DE": 9.12399959564209, "EVK.DE": 15.3100004196167, "WCH.DE": 79.0999984741211, "AIXA.DE": 23.059999465942383, "LXS.DE": 19.649999618530273, "NDA.DE": 169.0, "SYK": 380.1400146484375, "BSX": 74.56999969482422, "ZTS": 128.8000030517578, "MDT": 96.8949966430664, "EW": 79.79000091552734, "BNTX": 110.1500015258789, "BIIB": 191.9550018310547, "ALNY": 336.260009765625, "EXAS": 103.44499969482422, "SNY": 46.7400016784668, "GSK": 59.525001525878906, "HCA": 532.7100219726562, "CVS": 76.69499969482422, "CI": 280.3999938964844, "ELV": 342.9100036621094, "CNC": 43.25, "HUM": 189.91000366210938, "MOH": 151.0, "WFC": 88.69999694824219, "C": 116.0250015258789, "USB": 58.67499923706055, "PNC": 233.0800018310547, "TFC": 52.33000183105469, "BK": 118.19999694824219, "STT": 127.97000122070312, "NTRS": 144.8000030517578, "FITB": 53.619998931884766, "KEY": 22.18000030517578, "RF": 30.06999969482422, "HBAN": 18.030000686645508, "MTB": 232.57000732421875, "CFG": 65.27999877929688, "BLK": 1093.9200439453125, "KKR": 101.19999694824219, "BX": 121.29000091552734, "APO": 119.76000213623047, "TROW": 95.4000015258789, "BEN": 27.65999984741211, "IVZ": 26.46500015258789, "AMP": 471.8500061035156, "CB": 331.6400146484375, "PGR": 204.07000732421875, "ALL": 206.4199981689453, "AON": 325.1400146484375, "MET": 79.08999633789062, "PRU": 103.47000122070312, "AFL": 114.02999877929688, "TRV": 304.92999267578125, "SPG": 201.64999389648438, "PLD": 141.51499938964844, "AMT": 187.38999938964844, "CCI": 88.0199966430664, "EQIX": 928.0900268554688, "DLR": 175.6699981689453, "PSA": 305.07000732421875, "O": 66.13999938964844, "VICI": 30.100000381469727, "WELL": 208.23500061035156, "AVB": 177.39999389648438, "EQR": 62.59000015258789, "VTR": 85.92500305175781, "ARE": 53.63999938964844, "MAA": 133.4600067138672, "BXP": 60.88999938964844, "VMC": 305.2900085449219, "MLM": 685.9400024414062, "NUE": 179.97000122070312, "STLD": 193.38999938964844, "CLF": 10.654999732971191, "FCX": 64.36000061035156, "NEM": 122.13999938964844, "GOLD": 58.880001068115234, "AEM": 228.30999755859375, "ALB": 168.42999267578125, "LYB": 56.66999816894531, "ECL": 304.260009765625, "APD": 281.2699890136719, "SHW": 360.70001220703125, "DD": 50.40999984741211, "DOW": 30.520000457763672, "CTVA": 76.30999755859375, "CF": 97.19000244140625, "MOS": 29.44499969482422, "FMC": 14.625, "IFF": 81.4000015258789, "UPS": 116.75, "FDX": 388.4800109863281,